<c3p0-config>
    <!-- 默认配置，如果没有指定则使用这个配置 -->
    <default-config>
        <property name="checkoutTimeout">30000</property>
        <!-- 超时时间 -->
        <property name="idleConnectionTestPeriod">30</property>
        <!-- 每30秒检查一下是否有空闲连接 -->
        <property name="initialPoolSize">2</property>
        <property name="maxIdleTime">30</property>
        <property name="maxPoolSize">30</property>
        <property name="minPoolSize">2</property>
        <property name="maxStatements">50</property>
        <property name="driverClass">com.mysql.jdbc.Driver</property>
        <property name="jdbcUrl">
            <![CDATA[jdbc:mysql://127.0.0.1:3306/log_monitor?useUnicode=true&characterEncoding=UTF-8&useOldAliasMetadataBehavior=true]]>
        </property>
        <property name="user">root</property>
        <property name="password">root</property>
    </default-config>
    <named-config name="logMonitor">
        <property name="c3p0.testConnectionOnCheckout">true</property>
        <property name="checkoutTimeout">30000</property>
        <!-- 超时时间 -->
        <property name="idleConnectionTestPeriod">30</property>
        <!-- 每30秒检查一下是否有空闲连接 -->
        <property name="initialPoolSize">2</property>
        <property name="maxIdleTime">30</property>
        <property name="maxPoolSize">30</property>
        <property name="minPoolSize">2</property>
        <property name="maxStatements">50</property>
        <property name="driverClass">com.mysql.jdbc.Driver</property>
        <property name="jdbcUrl">
            <![CDATA[jdbc:mysql://127.0.0.1:3306/log_monitor?useUnicode=true&characterEncoding=UTF-8&useOldAliasMetadataBehavior=true]]>
        </property>
        <property name="user">root</property>
        <property name="password">root</property>
    </named-config>
    <named-config name="logAnalyze">
        <property name="checkoutTimeout">30000</property>
        <!-- 超时时间 -->
        <property name="idleConnectionTestPeriod">30</property>
        <!-- 每30秒检查一下是否有空闲连接 -->
        <property name="initialPoolSize">2</property>
        <property name="maxIdleTime">30</property>
        <property name="maxPoolSize">30</property>
        <property name="minPoolSize">2</property>
        <property name="maxStatements">50</property>
        <property name="driverClass">com.mysql.jdbc.Driver</property>
        <property name="jdbcUrl">
            <![CDATA[jdbc:mysql://127.0.0.1:3306/log_analyze?useUnicode=true&characterEncoding=UTF-8&useOldAliasMetadataBehavior=true]]>
        </property>
        <property name="user">root</property>
        <property name="password">root</property>
    </named-config>
    <named-config name="orderMonitor">
        <property name="checkoutTimeout">30000</property>
        <!-- 超时时间 -->
        <property name="idleConnectionTestPeriod">30</property>
        <!-- 每30秒检查一下是否有空闲连接 -->
        <property name="initialPoolSize">2</property>
        <property name="maxIdleTime">30</property>
        <property name="maxPoolSize">30</property>
        <property name="minPoolSize">2</property>
        <property name="maxStatements">50</property>
        <property name="driverClass">com.mysql.jdbc.Driver</property>
        <property name="jdbcUrl">
            <![CDATA[jdbc:mysql://127.0.0.1:3306/order_monitor?useUnicode=true&characterEncoding=UTF-8&useOldAliasMetadataBehavior=true]]>
        </property>
        <property name="user">root</property>
        <property name="password">root</property>
    </named-config>
</c3p0-config>
